Designator,Footprint,Quantity,Value,LCSC Part #,MoQ,Harga,Total Harga,MoQ,Qty Unit,Price,Qty,Total Price,Store,Tokopedia
"C1, C3",CP_EIA-3528-12_Kemet-T,_(* 2_),10u,,_(* 2_),_(* 4204_),_(* 8408_),_(* 2_),_(* 1_),_(* 4204_),_(* 10_),_(* 42040_),Lisu Instruments,https://www.tokopedia.com/lisuinstrument/10uf-10-25v-case-b-3528-e106-smd-tantalum-capacitor-xiangyee-ca45-b025k106t-1729925991169164773?extParam=src%3Dshop%26whid%3D580205&aff_unique_id=&channel=others&chain_key=
"C10, C11, C12, C13, C14, C15, C19, C2, C20, C22, C4, C9",0603,_(* 12_),100n,,_(* 50_),_(* 200_),_(* 10000_),_(* 10_),_(* 5_),_(* 200_),_(* 10_),_(* 10000_),Lisu Instruments,https://www.tokopedia.com/lisuinstrument/100nf-10-100v-x7r-0603-1608-mm-capacitor-yageo-cc0603krx7r0bb104?extParam=src%3Dshop%26whid%3D580205&aff_unique_id=&channel=others&chain_key=
"C16, C17",0603,_(* 2_),2.2u,,_(* 40_),_(* 249_),_(* 9960_),_(* 8_),_(* 5_),_(* 249_),_(* 8_),_(* 9960_),Lisu Instruments,https://www.tokopedia.com/lisuinstrument/2-2uf-10-16v-x5r-0603-1608-mm-smd-ceramic-capacitor-mlcc-samsung?extParam=src%3Dshop%26whid%3D580205&aff_unique_id=&channel=others&chain_key=
C21,0603,_(* 1_),22p,,_(* 60_),_(* 149_),_(* 8940_),_(* 12_),_(* 5_),_(* 149_),_(* 12_),_(* 8940_),Lisu Instruments,https://www.tokopedia.com/lisuinstrument/22pf-5-50v-np0-c0g-0603-1608-mm-capacitor-yageo-cc0603jrnpo9bn220?extParam=src%3Dshop%26whid%3D580205&aff_unique_id=&channel=others&chain_key=
"C5, C6",0603,_(* 2_),10p,,_(* 50_),_(* 199_),_(* 9950_),_(* 10_),_(* 5_),_(* 199_),_(* 10_),_(* 9950_),Lisu Instruments,https://www.tokopedia.com/lisuinstrument/10pf-5-50v-np0-c0g-0603-1608-mm-smd-multilayer-ceramic-capacitor-mlcc-smt-yageo-cc0603jrnpo9bn100?extParam=src%3Dshop%26whid%3D580205&aff_unique_id=&channel=others&chain_key=
"C7, C8",0603,_(* 2_),20p,,_(* 75_),_(* 189_),_(* 14175_),_(* 15_),_(* 5_),_(* 189_),_(* 15_),_(* 14175_),Lisu Instruments,https://www.tokopedia.com/lisuinstrument/5-buah-20pf-0603-50v-c0g-5-smd-mlcc-ceramic-capacitor-cctc-tcc0603cog200j500ct-5-pcs-1735677990402885093?extParam=src%3Dshop%26whid%3D580205&aff_unique_id=&channel=others&chain_key=
D1,D_SOD-323,_(* 1_),LESD3Z5.0T1G,,_(* 1_),_(* 899_),_(* 899_),_(* 1_),_(* 1_),_(* 899_),_(* 10_),_(* 8990_),Lisu Instruments,https://www.tokopedia.com/lisuinstrument/lesd5z5-0t1g-zf-5v-transient-voltage-suppressors-for-esd-protection
D2,D_SOD-323,_(* 1_),LESD3Z3.3T1G,,_(* 10_),_(* 899_),_(* 8990_),_(* 10_),_(* 1_),_(* 899_),_(* 10_),_(* 8990_),Lisu Instruments,https://www.tokopedia.com/lisuinstrument/lesd5z3-3t1g-ze-3-3v-transient-voltage-suppressors-for-esd-protection
FB1,0603,_(* 1_),1k 100MHz,,_(* 20_),_(* 350_),_(* 7000_),_(* 20_),_(* 1_),_(* 350_),_(* 20_),_(* 7000_),BRIGHTEN SHOP,https://www.tokopedia.com/brighten/samwha-ferrite-bead-600-ohm-smd-0603-cb1608pk601t-beads?extParam=ivf%3Dfalse%26keyword%3Dferrite+bead+0603+1k%26search_id%3D2026083104094640008B9A5380FC14318U%26src%3Dsearch
"J2, J4, J6, J8",PinHeader_1x13_P2.54mm_Vertical,_(* 4_),Conn_01x13,,,,,,,,,,,
"J3, J5, J7, J9",PinHeader_1x12_P2.54mm_Vertical,_(* 4_),Conn_01x12,,,,,,,,,,,
L1,L_7.3x7.3_H4.5,_(* 1_),2.2u,,_(* 5_),_(* 2500_),_(* 12500_),_(* 5_),_(* 1_),_(* 2500_),_(* 6_),_(* 15000_),BRIGHTEN SHOP,https://www.tokopedia.com/brighten/spc7040-2r2m-induktor-smd-2-2uh-2r2-4-3a-1731289283232171543?extParam=ivf%3Dfalse%26keyword%3D2.2uh%26search_id%3D20260831040530C203D8A151612A3A1IXS%26src%3Dsearch
R1,0603,_(* 1_),10k,,_(* 100_),_(* 200_),_(* 20000_),_(* 20_),_(* 5_),_(* 200_),_(* 20_),_(* 20000_),Lisu Instruments,https://www.tokopedia.com/lisuinstrument/10k-0603-1-100mw-75v-100ppm-c-thick-film-resistor-10k-rca0310kflf-hkr?extParam=src%3Dshop%26whid%3D580205&aff_unique_id=&channel=others&chain_key=
"R10, R11, R12, R13, R8, R9",0603,_(* 6_),33,,_(* 75_),_(* 125_),_(* 9375_),_(* 15_),_(* 5_),_(* 125_),_(* 15_),_(* 9375_),Lisu Instruments,https://www.tokopedia.com/lisuinstrument/33r-0603-1-100mw-thick-film-resistor-33-330-fojan-frc0603f33r0ts-1729910004216727013?extParam=src%3Dshop%26whid%3D580205&aff_unique_id=&channel=others&chain_key=
"R14, R7",0603,_(* 2_),100k,,_(* 75_),_(* 125_),_(* 9375_),_(* 15_),_(* 5_),_(* 125_),_(* 15_),_(* 9375_),Lisu Instruments,https://www.tokopedia.com/lisuinstrument/100k-0603-1-smd-thick-film-resistor-100k-01d-rc0603fr-07100kl-yageo-1730895449795954149?extParam=src%3Dshop%26whid%3D580205&aff_unique_id=&channel=others&chain_key=
R2,0603,_(* 1_),0,,_(* 75_),_(* 125_),_(* 9375_),_(* 15_),_(* 5_),_(* 125_),_(* 15_),_(* 9375_),Lisu Instruments,https://www.tokopedia.com/lisuinstrument/0r-0603-1-100mw-thick-film-resistor-0-0-jumper-uni-royal-0603waf0000t5e-1732777308192081381?extParam=whid%3D580205%26src%3Dshop&aff_unique_id=&channel=others&chain_key=
R3,0603,_(* 1_),680k,,_(* 75_),_(* 125_),_(* 9375_),_(* 15_),_(* 5_),_(* 125_),_(* 15_),_(* 9375_),Lisu Instruments,https://www.tokopedia.com/lisuinstrument/680k-0603-1608-mm-1-thick-film-resistor-smd-100mw-680k?extParam=src%3Dshop%26whid%3D580205&aff_unique_id=&channel=others&chain_key=
R4,0603,_(* 1_),150k,,_(* 10_),_(* 200_),_(* 2000_),_(* 1_),_(* 10_),_(* 200_),_(* 10_),_(* 20000_),I.WANT ELECTRONICS,https://www.tokopedia.com/iwantelectronics/150k-ohm-resistor-smd-0603-set-qty-10-pcs?extParam=ivf%3Dfalse%26keyword%3D0603+150k%26search_id%3D20260831061633955AF57E494555370RVD%26src%3Dsearch
"SW1, SW2",SW_SPST_PTS810,_(* 2_),3x4x2.5,,_(* 10_),_(* 753_),_(* 7530_),_(* 10_),_(* 1_),_(* 753_),_(* 10_),_(* 7530_),Lisu Instruments,https://www.tokopedia.com/lisuinstrument/4-pin-smd-tactile-switch-button-4p-3x4x2-5mm-shou-han-sh-1808sn-250gf-1729807735169254885?extParam=ivf%3Dfalse%26keyword%3D3x4x2.5%26search_id%3D20260831043317EFE937780E955726AP2G%26src%3Dsearch
U1,LQFP-100_14x14mm_P0.5mm_vias,_(* 1_),STM32H750VBTx,,_(* 1_),_(* 139000_),_(* 139000_),_(* 1_),_(* 1_),_(* 139000_),_(* 1_),_(* 139000_),FPVMILITAN,https://www.tokopedia.com/fpvmilitan/stm32-h750-stm32h750vbt6-arm-cortex-ic-micro-chip-stm32h750-chipset
U2,SOT-23-5,_(* 1_),SY8088AAC,,_(* 2_),_(* 3900_),_(* 7800_),_(* 2_),_(* 1_),_(* 3900_),_(* 5_),_(* 19500_),PM TECH,https://www.tokopedia.com/pmtech/sy8088-ld3yh-ld5cq-aac-ld2lc-ld4xi-ld-ldxx-sy8088aac-sy8088-synchronous-step-down-dc-dc-regulator-smd-sot23-5-1729857475183019505?extParam=ivf%3Dfalse%26keyword%3Dsy8088%26search_id%3D2026083104315740008B9A5380FC37BR4Q%26src%3Dsearch
"U3, U4",SOIC-8_5.3x5.3mm_P1.27mm,_(* 2_),W25Q128JVS,,_(* 1_),_(* 22000_),_(* 22000_),_(* 1_),_(* 1_),_(* 22000_),_(* 2_),_(* 44000_),Flashctronic,https://www.tokopedia.com/flashtronic/winbond-25q128-w25q128jvsiq-soic-8-original?extParam=ivf%3Dfalse%26keyword%3Dw25q128%26search_id%3D20260831041853B83AAC23B952873902G4%26src%3Dsearch
Y1,Crystal_SMD_3215-2Pin_3.2x1.5mm,_(* 1_),32.768K,,_(* 4_),_(* 4200_),_(* 16800_),_(* 4_),_(* 1_),_(* 4200_),_(* 4_),_(* 16800_),SIKIL GANGSAL,https://www.tokopedia.com/jayenk/chip-oscillator-crystal-xtal-kristal-oskilator-osilator-smd-a425l-32-768-khz-size-3-2-1-5-0-90-mm-1732236498841469958
Y2,Crystal_SMD_3225-4Pin_3.2x2.5mm,_(* 1_),25MHz,,_(* 1_),_(* 8500_),_(* 8500_),_(* 1_),_(* 1_),_(* 8500_),_(* 4_),_(* 34000_),Cosmic IOT,https://www.tokopedia.com/cosmic-iot/crystal-25mhz-4-pin-xtal-25-mhz-4pin-smd-3225
,,,,,,,,,,,,_(* 473375_),,
,,,
